Class : 0 - # of People : 16, # of Videos : 118, # of Clips : 2609
Class : 1 - # of People : 12, # of Videos : 127, # of Clips : 2766

Epoch: [0][0/671], lr: 0.01000	Time 44.435 (44.435)	Data 16.159 (16.159)	Loss 0.6996 (0.6996)	Prec@1 25.000 (25.000)	Prec@5 0.000 (0.000)
Epoch: [0][20/671], lr: 0.01000	Time 1.183 (3.294)	Data 0.000 (0.770)	Loss 1.0053 (2.5793)	Prec@1 37.500 (50.595)	Prec@5 0.000 (0.000)
Epoch: [0][40/671], lr: 0.01000	Time 1.418 (2.309)	Data 0.006 (0.395)	Loss 0.8968 (1.8758)	Prec@1 25.000 (50.305)	Prec@5 0.000 (0.000)
Epoch: [0][60/671], lr: 0.01000	Time 1.193 (1.900)	Data 0.000 (0.265)	Loss 0.7077 (1.5711)	Prec@1 37.500 (49.385)	Prec@5 0.000 (0.000)
Epoch: [0][80/671], lr: 0.01000	Time 1.962 (1.789)	Data 0.003 (0.200)	Loss 1.1082 (1.4541)	Prec@1 12.500 (48.302)	Prec@5 0.000 (0.000)
Epoch: [0][100/671], lr: 0.01000	Time 0.699 (1.724)	Data 0.000 (0.161)	Loss 1.1068 (1.3568)	Prec@1 50.000 (48.020)	Prec@5 0.000 (0.000)
Epoch: [0][120/671], lr: 0.01000	Time 0.597 (1.567)	Data 0.000 (0.134)	Loss 0.7976 (1.2708)	Prec@1 37.500 (47.727)	Prec@5 0.000 (0.000)
Epoch: [0][140/671], lr: 0.01000	Time 1.454 (1.484)	Data 0.000 (0.115)	Loss 0.7340 (1.1984)	Prec@1 37.500 (48.670)	Prec@5 0.000 (0.000)
Epoch: [0][160/671], lr: 0.01000	Time 0.585 (1.384)	Data 0.000 (0.101)	Loss 0.6502 (1.1401)	Prec@1 75.000 (48.292)	Prec@5 0.000 (0.000)
Epoch: [0][180/671], lr: 0.01000	Time 0.930 (1.358)	Data 0.001 (0.090)	Loss 0.6929 (1.0903)	Prec@1 50.000 (49.586)	Prec@5 0.000 (0.000)
Epoch: [0][200/671], lr: 0.01000	Time 1.237 (1.363)	Data 0.001 (0.081)	Loss 0.9628 (1.0544)	Prec@1 12.500 (49.067)	Prec@5 0.000 (0.000)
Epoch: [0][220/671], lr: 0.01000	Time 1.198 (1.325)	Data 0.000 (0.074)	Loss 0.6644 (1.0258)	Prec@1 62.500 (48.982)	Prec@5 0.000 (0.000)
Epoch: [0][240/671], lr: 0.01000	Time 1.196 (1.329)	Data 0.001 (0.068)	Loss 0.7265 (1.0001)	Prec@1 50.000 (49.170)	Prec@5 0.000 (0.000)
Epoch: [0][260/671], lr: 0.01000	Time 1.194 (1.319)	Data 0.001 (0.063)	Loss 0.6259 (0.9783)	Prec@1 75.000 (49.090)	Prec@5 0.000 (0.000)
Epoch: [0][280/671], lr: 0.01000	Time 0.633 (1.296)	Data 0.000 (0.058)	Loss 0.7007 (0.9583)	Prec@1 37.500 (49.021)	Prec@5 0.000 (0.000)
Epoch: [0][300/671], lr: 0.01000	Time 1.150 (1.308)	Data 0.000 (0.055)	Loss 0.7052 (0.9413)	Prec@1 50.000 (49.419)	Prec@5 0.000 (0.000)
Epoch: [0][320/671], lr: 0.01000	Time 1.270 (1.300)	Data 0.000 (0.051)	Loss 0.7003 (0.9263)	Prec@1 50.000 (49.260)	Prec@5 0.000 (0.000)
Epoch: [0][340/671], lr: 0.01000	Time 1.202 (1.302)	Data 0.001 (0.048)	Loss 0.6658 (0.9127)	Prec@1 62.500 (49.450)	Prec@5 0.000 (0.000)
Epoch: [0][360/671], lr: 0.01000	Time 0.597 (1.294)	Data 0.000 (0.046)	Loss 0.6910 (0.9025)	Prec@1 50.000 (49.342)	Prec@5 0.000 (0.000)
Epoch: [0][380/671], lr: 0.01000	Time 1.194 (1.280)	Data 0.001 (0.043)	Loss 0.6158 (0.8922)	Prec@1 75.000 (49.442)	Prec@5 0.000 (0.000)
Epoch: [0][400/671], lr: 0.01000	Time 2.558 (1.279)	Data 0.000 (0.041)	Loss 0.6757 (0.8837)	Prec@1 62.500 (49.377)	Prec@5 0.000 (0.000)
Epoch: [0][420/671], lr: 0.01000	Time 1.153 (1.281)	Data 0.000 (0.039)	Loss 0.7093 (0.8749)	Prec@1 50.000 (49.495)	Prec@5 0.000 (0.000)
Epoch: [0][440/671], lr: 0.01000	Time 1.195 (1.277)	Data 0.000 (0.038)	Loss 0.6902 (0.8670)	Prec@1 62.500 (49.632)	Prec@5 0.000 (0.000)
Epoch: [0][460/671], lr: 0.01000	Time 1.650 (1.340)	Data 0.003 (0.036)	Loss 0.6839 (0.8599)	Prec@1 62.500 (49.892)	Prec@5 0.000 (0.000)
Epoch: [0][480/671], lr: 0.01000	Time 0.605 (1.343)	Data 0.000 (0.035)	Loss 0.7291 (0.8530)	Prec@1 37.500 (50.026)	Prec@5 0.000 (0.000)
Epoch: [0][500/671], lr: 0.01000	Time 1.513 (1.340)	Data 0.001 (0.033)	Loss 0.7119 (0.8472)	Prec@1 25.000 (50.150)	Prec@5 0.000 (0.000)
Epoch: [0][520/671], lr: 0.01000	Time 1.188 (1.341)	Data 0.001 (0.032)	Loss 0.7017 (0.8415)	Prec@1 50.000 (50.048)	Prec@5 0.000 (0.000)
Epoch: [0][540/671], lr: 0.01000	Time 1.167 (1.342)	Data 0.001 (0.031)	Loss 0.8143 (0.8366)	Prec@1 37.500 (49.884)	Prec@5 0.000 (0.000)
Epoch: [0][560/671], lr: 0.01000	Time 0.830 (1.335)	Data 0.001 (0.030)	Loss 0.8021 (0.8330)	Prec@1 37.500 (49.733)	Prec@5 0.000 (0.000)
Epoch: [0][580/671], lr: 0.01000	Time 1.138 (1.321)	Data 0.001 (0.029)	Loss 0.6772 (0.8294)	Prec@1 62.500 (49.591)	Prec@5 0.000 (0.000)
Epoch: [0][600/671], lr: 0.01000	Time 1.196 (1.319)	Data 0.001 (0.028)	Loss 0.6199 (0.8249)	Prec@1 75.000 (49.730)	Prec@5 0.000 (0.000)
Epoch: [0][620/671], lr: 0.01000	Time 1.187 (1.315)	Data 0.000 (0.027)	Loss 0.6572 (0.8208)	Prec@1 37.500 (49.758)	Prec@5 0.000 (0.000)
Epoch: [0][640/671], lr: 0.01000	Time 1.180 (1.312)	Data 0.000 (0.026)	Loss 0.6936 (0.8172)	Prec@1 37.500 (49.688)	Prec@5 0.000 (0.000)
Epoch: [0][660/671], lr: 0.01000	Time 0.721 (1.299)	Data 0.000 (0.025)	Loss 0.9142 (0.8150)	Prec@1 12.500 (49.603)	Prec@5 0.000 (0.000)
Test: [0/196]	Time 23.629 (23.629)	Loss 1.2975 (1.2975)	Prec@1 0.000 (0.000)	Prec@5 0.000 (0.000)
Test: [20/196]	Time 0.404 (1.824)	Loss 1.2758 (1.2933)	Prec@1 0.000 (0.000)	Prec@5 0.000 (0.000)
Test: [40/196]	Time 0.351 (1.475)	Loss 0.3173 (1.1161)	Prec@1 100.000 (17.378)	Prec@5 0.000 (0.000)
Test: [60/196]	Time 0.175 (1.244)	Loss 0.3302 (0.8563)	Prec@1 100.000 (44.467)	Prec@5 0.000 (0.000)
Test: [80/196]	Time 9.951 (1.330)	Loss 1.2775 (0.8809)	Prec@1 0.000 (41.975)	Prec@5 0.000 (0.000)
Test: [100/196]	Time 1.764 (1.230)	Loss 1.2977 (0.9604)	Prec@1 0.000 (33.663)	Prec@5 0.000 (0.000)
Test: [120/196]	Time 0.291 (1.205)	Loss 1.2702 (1.0131)	Prec@1 0.000 (28.099)	Prec@5 0.000 (0.000)
Test: [140/196]	Time 0.856 (1.165)	Loss 0.3295 (1.0060)	Prec@1 100.000 (28.723)	Prec@5 0.000 (0.000)
Test: [160/196]	Time 5.124 (1.190)	Loss 0.3303 (0.9220)	Prec@1 100.000 (37.578)	Prec@5 0.000 (0.000)
Test: [180/196]	Time 0.192 (1.178)	Loss 0.3319 (0.8564)	Prec@1 100.000 (44.475)	Prec@5 0.000 (0.000)

Participant : c0000, # of Pred : 12
Class : 1, Pred_0 : 12, Pred_1 : 00

Participant : c0002, # of Pred : 12
Class : 0, Pred_0 : 12, Pred_1 : 00

Participant : c0007, # of Pred : 08
Class : 1, Pred_0 : 08, Pred_1 : 00

Participant : c0011, # of Pred : 16
Class : 1, Pred_0 : 16, Pred_1 : 00

Participant : c0033, # of Pred : 12
Class : 0, Pred_0 : 12, Pred_1 : 00

Participant : c0056, # of Pred : 05
Class : 0, Pred_0 : 05, Pred_1 : 00

Participant : c0057, # of Pred : 05
Class : 0, Pred_0 : 05, Pred_1 : 00

Testing Results: Prec@1 48.692 Prec@5 0.000 Loss 0.81651
Best Prec@1: 48.692

Epoch: [1][0/671], lr: 0.01000	Time 15.895 (15.895)	Data 14.019 (14.019)	Loss 0.9051 (0.9051)	Prec@1 37.500 (37.500)	Prec@5 0.000 (0.000)
Epoch: [1][20/671], lr: 0.01000	Time 0.780 (1.770)	Data 0.000 (0.764)	Loss 0.6930 (0.7274)	Prec@1 62.500 (56.548)	Prec@5 0.000 (0.000)
Epoch: [1][40/671], lr: 0.01000	Time 0.707 (1.216)	Data 0.001 (0.392)	Loss 0.6984 (0.7108)	Prec@1 50.000 (54.878)	Prec@5 0.000 (0.000)
Epoch: [1][60/671], lr: 0.01000	Time 0.948 (1.122)	Data 0.001 (0.264)	Loss 0.7944 (0.7136)	Prec@1 37.500 (53.689)	Prec@5 0.000 (0.000)
Epoch: [1][80/671], lr: 0.01000	Time 1.650 (1.114)	Data 0.005 (0.199)	Loss 0.7261 (0.7102)	Prec@1 50.000 (51.852)	Prec@5 0.000 (0.000)
Epoch: [1][100/671], lr: 0.01000	Time 1.433 (1.102)	Data 0.001 (0.160)	Loss 0.6919 (0.7090)	Prec@1 50.000 (51.609)	Prec@5 0.000 (0.000)
Epoch: [1][120/671], lr: 0.01000	Time 1.162 (1.120)	Data 0.001 (0.134)	Loss 0.6704 (0.7080)	Prec@1 62.500 (51.033)	Prec@5 0.000 (0.000)
Epoch: [1][140/671], lr: 0.01000	Time 0.793 (1.141)	Data 0.001 (0.115)	Loss 0.7035 (0.7086)	Prec@1 50.000 (51.152)	Prec@5 0.000 (0.000)
Epoch: [1][160/671], lr: 0.01000	Time 0.711 (1.121)	Data 0.001 (0.101)	Loss 0.7190 (0.7081)	Prec@1 50.000 (50.932)	Prec@5 0.000 (0.000)
Epoch: [1][180/671], lr: 0.01000	Time 0.694 (1.083)	Data 0.000 (0.090)	Loss 0.7080 (0.7073)	Prec@1 50.000 (51.174)	Prec@5 0.000 (0.000)
Epoch: [1][200/671], lr: 0.01000	Time 1.082 (1.051)	Data 0.000 (0.081)	Loss 0.7067 (0.7062)	Prec@1 37.500 (51.119)	Prec@5 0.000 (0.000)
Epoch: [1][220/671], lr: 0.01000	Time 1.187 (1.063)	Data 0.001 (0.074)	Loss 0.6535 (0.7043)	Prec@1 62.500 (51.584)	Prec@5 0.000 (0.000)
Epoch: [1][240/671], lr: 0.01000	Time 1.188 (1.074)	Data 0.000 (0.068)	Loss 0.6841 (0.7039)	Prec@1 62.500 (51.556)	Prec@5 0.000 (0.000)
Epoch: [1][260/671], lr: 0.01000	Time 1.214 (1.083)	Data 0.000 (0.062)	Loss 0.7001 (0.7037)	Prec@1 25.000 (51.580)	Prec@5 0.000 (0.000)
Epoch: [1][280/671], lr: 0.01000	Time 1.188 (1.091)	Data 0.000 (0.058)	Loss 0.8021 (0.7048)	Prec@1 37.500 (51.512)	Prec@5 0.000 (0.000)
Epoch: [1][300/671], lr: 0.01000	Time 1.172 (1.098)	Data 0.000 (0.054)	Loss 0.6511 (0.7049)	Prec@1 75.000 (51.370)	Prec@5 0.000 (0.000)
Epoch: [1][320/671], lr: 0.01000	Time 1.224 (1.103)	Data 0.000 (0.051)	Loss 0.6682 (0.7046)	Prec@1 75.000 (51.090)	Prec@5 0.000 (0.000)
Epoch: [1][340/671], lr: 0.01000	Time 1.198 (1.108)	Data 0.000 (0.048)	Loss 0.6706 (0.7045)	Prec@1 75.000 (50.843)	Prec@5 0.000 (0.000)
Epoch: [1][360/671], lr: 0.01000	Time 1.196 (1.113)	Data 0.000 (0.045)	Loss 0.6965 (0.7041)	Prec@1 62.500 (51.039)	Prec@5 0.000 (0.000)
Epoch: [1][380/671], lr: 0.01000	Time 1.175 (1.116)	Data 0.000 (0.043)	Loss 0.6506 (0.7031)	Prec@1 75.000 (51.345)	Prec@5 0.000 (0.000)
Epoch: [1][400/671], lr: 0.01000	Time 1.188 (1.120)	Data 0.000 (0.041)	Loss 0.7031 (0.7013)	Prec@1 50.000 (51.559)	Prec@5 0.000 (0.000)
Epoch: [1][420/671], lr: 0.01000	Time 1.191 (1.124)	Data 0.000 (0.039)	Loss 0.7221 (0.6994)	Prec@1 37.500 (51.781)	Prec@5 0.000 (0.000)
Epoch: [1][440/671], lr: 0.01000	Time 1.190 (1.127)	Data 0.000 (0.037)	Loss 0.6505 (0.6986)	Prec@1 62.500 (52.268)	Prec@5 0.000 (0.000)
Epoch: [1][460/671], lr: 0.01000	Time 1.174 (1.130)	Data 0.000 (0.035)	Loss 0.6860 (0.6994)	Prec@1 50.000 (52.332)	Prec@5 0.000 (0.000)
Epoch: [1][480/671], lr: 0.01000	Time 1.136 (1.132)	Data 0.000 (0.034)	Loss 0.6880 (0.6996)	Prec@1 50.000 (52.339)	Prec@5 0.000 (0.000)
Epoch: [1][500/671], lr: 0.01000	Time 1.195 (1.134)	Data 0.000 (0.033)	Loss 0.7049 (0.7007)	Prec@1 62.500 (52.420)	Prec@5 0.000 (0.000)
Epoch: [1][520/671], lr: 0.01000	Time 1.273 (1.137)	Data 0.000 (0.031)	Loss 0.7134 (0.7004)	Prec@1 50.000 (52.375)	Prec@5 0.000 (0.000)
Epoch: [1][540/671], lr: 0.01000	Time 1.187 (1.139)	Data 0.000 (0.030)	Loss 1.0173 (0.7001)	Prec@1 37.500 (52.565)	Prec@5 0.000 (0.000)
Epoch: [1][560/671], lr: 0.01000	Time 1.207 (1.140)	Data 0.000 (0.029)	Loss 0.5381 (0.7005)	Prec@1 100.000 (52.652)	Prec@5 0.000 (0.000)
Epoch: [1][580/671], lr: 0.01000	Time 1.192 (1.142)	Data 0.000 (0.028)	Loss 0.6592 (0.7010)	Prec@1 62.500 (52.818)	Prec@5 0.000 (0.000)
Epoch: [1][600/671], lr: 0.01000	Time 1.199 (1.143)	Data 0.000 (0.027)	Loss 0.7504 (0.7021)	Prec@1 37.500 (52.808)	Prec@5 0.000 (0.000)
Epoch: [1][620/671], lr: 0.01000	Time 1.203 (1.145)	Data 0.000 (0.026)	Loss 0.7611 (0.7015)	Prec@1 37.500 (52.939)	Prec@5 0.000 (0.000)
Epoch: [1][640/671], lr: 0.01000	Time 1.469 (1.147)	Data 0.001 (0.026)	Loss 0.7393 (0.7014)	Prec@1 50.000 (52.945)	Prec@5 0.000 (0.000)
Epoch: [1][660/671], lr: 0.01000	Time 0.596 (1.144)	Data 0.000 (0.025)	Loss 0.7319 (0.6998)	Prec@1 50.000 (53.272)	Prec@5 0.000 (0.000)
Test: [0/196]	Time 12.832 (12.832)	Loss 0.8969 (0.8969)	Prec@1 0.000 (0.000)	Prec@5 0.000 (0.000)
Test: [20/196]	Time 0.195 (1.283)	Loss 0.8067 (0.9023)	Prec@1 0.000 (14.881)	Prec@5 0.000 (0.000)
Test: [40/196]	Time 0.403 (0.925)	Loss 0.5229 (0.7701)	Prec@1 100.000 (42.988)	Prec@5 0.000 (0.000)
Test: [60/196]	Time 0.169 (0.834)	Loss 0.4911 (0.6937)	Prec@1 100.000 (61.680)	Prec@5 0.000 (0.000)
Test: [80/196]	Time 0.336 (0.842)	Loss 1.2002 (0.7622)	Prec@1 0.000 (54.938)	Prec@5 0.000 (0.000)
Test: [100/196]	Time 0.272 (0.861)	Loss 1.0696 (0.8360)	Prec@1 0.000 (44.059)	Prec@5 0.000 (0.000)
Test: [120/196]	Time 0.166 (0.861)	Loss 0.7258 (0.8505)	Prec@1 37.500 (41.529)	Prec@5 0.000 (0.000)
Test: [140/196]	Time 0.208 (0.833)	Loss 0.7055 (0.8301)	Prec@1 50.000 (43.617)	Prec@5 0.000 (0.000)
Test: [160/196]	Time 0.167 (0.821)	Loss 0.4555 (0.7989)	Prec@1 100.000 (47.205)	Prec@5 0.000 (0.000)
Test: [180/196]	Time 0.150 (0.847)	Loss 0.5027 (0.7550)	Prec@1 100.000 (53.039)	Prec@5 0.000 (0.000)

Participant : c0000, # of Pred : 12
Class : 1, Pred_0 : 08, Pred_1 : 04

Participant : c0002, # of Pred : 12
Class : 0, Pred_0 : 12, Pred_1 : 00

Participant : c0007, # of Pred : 08
Class : 1, Pred_0 : 08, Pred_1 : 00

Participant : c0011, # of Pred : 16
Class : 1, Pred_0 : 11, Pred_1 : 05

Participant : c0033, # of Pred : 12
Class : 0, Pred_0 : 09, Pred_1 : 03

Participant : c0056, # of Pred : 05
Class : 0, Pred_0 : 05, Pred_1 : 00

Participant : c0057, # of Pred : 05
Class : 0, Pred_0 : 05, Pred_1 : 00

Testing Results: Prec@1 56.605 Prec@5 0.000 Loss 0.73339
Best Prec@1: 56.605

Epoch: [2][0/671], lr: 0.01000	Time 22.595 (22.595)	Data 21.696 (21.696)	Loss 0.8434 (0.8434)	Prec@1 25.000 (25.000)	Prec@5 0.000 (0.000)
Epoch: [2][20/671], lr: 0.01000	Time 0.908 (1.786)	Data 0.000 (1.034)	Loss 0.6450 (0.6498)	Prec@1 62.500 (65.476)	Prec@5 0.000 (0.000)
Epoch: [2][40/671], lr: 0.01000	Time 1.199 (1.272)	Data 0.001 (0.530)	Loss 0.7076 (0.6625)	Prec@1 50.000 (62.500)	Prec@5 0.000 (0.000)
Epoch: [2][60/671], lr: 0.01000	Time 0.774 (1.092)	Data 0.001 (0.356)	Loss 0.6877 (0.6815)	Prec@1 75.000 (59.426)	Prec@5 0.000 (0.000)
Epoch: [2][80/671], lr: 0.01000	Time 0.684 (1.061)	Data 0.000 (0.268)	Loss 0.7094 (0.6986)	Prec@1 50.000 (57.253)	Prec@5 0.000 (0.000)
Epoch: [2][100/671], lr: 0.01000	Time 0.669 (1.008)	Data 0.001 (0.215)	Loss 0.7235 (0.7003)	Prec@1 37.500 (55.693)	Prec@5 0.000 (0.000)
Epoch: [2][120/671], lr: 0.01000	Time 0.774 (0.960)	Data 0.000 (0.180)	Loss 0.6614 (0.6992)	Prec@1 62.500 (54.959)	Prec@5 0.000 (0.000)
Epoch: [2][140/671], lr: 0.01000	Time 0.675 (0.913)	Data 0.000 (0.154)	Loss 0.6911 (0.7053)	Prec@1 50.000 (54.344)	Prec@5 0.000 (0.000)
Epoch: [2][160/671], lr: 0.01000	Time 0.729 (0.885)	Data 0.001 (0.135)	Loss 0.9240 (0.7087)	Prec@1 25.000 (53.804)	Prec@5 0.000 (0.000)
Epoch: [2][180/671], lr: 0.01000	Time 0.597 (0.856)	Data 0.000 (0.120)	Loss 0.6730 (0.7089)	Prec@1 100.000 (53.729)	Prec@5 0.000 (0.000)
Epoch: [2][200/671], lr: 0.01000	Time 0.607 (0.833)	Data 0.000 (0.108)	Loss 0.6822 (0.7089)	Prec@1 75.000 (53.234)	Prec@5 0.000 (0.000)
Epoch: [2][220/671], lr: 0.01000	Time 0.590 (0.815)	Data 0.000 (0.099)	Loss 0.7214 (0.7097)	Prec@1 50.000 (52.941)	Prec@5 0.000 (0.000)
Epoch: [2][240/671], lr: 0.01000	Time 0.664 (0.800)	Data 0.000 (0.091)	Loss 0.7005 (0.7104)	Prec@1 50.000 (53.060)	Prec@5 0.000 (0.000)
Epoch: [2][260/671], lr: 0.01000	Time 0.599 (0.787)	Data 0.001 (0.084)	Loss 0.7048 (0.7117)	Prec@1 50.000 (52.682)	Prec@5 0.000 (0.000)
Epoch: [2][280/671], lr: 0.01000	Time 0.616 (0.778)	Data 0.001 (0.078)	Loss 0.5654 (0.7074)	Prec@1 75.000 (53.559)	Prec@5 0.000 (0.000)
Epoch: [2][300/671], lr: 0.01000	Time 0.597 (0.769)	Data 0.000 (0.073)	Loss 0.7166 (0.7084)	Prec@1 50.000 (53.073)	Prec@5 0.000 (0.000)
Epoch: [2][320/671], lr: 0.01000	Time 0.606 (0.760)	Data 0.000 (0.068)	Loss 0.6787 (0.7078)	Prec@1 62.500 (52.804)	Prec@5 0.000 (0.000)
Epoch: [2][340/671], lr: 0.01000	Time 0.598 (0.752)	Data 0.000 (0.064)	Loss 0.6990 (0.7085)	Prec@1 50.000 (52.383)	Prec@5 0.000 (0.000)
Epoch: [2][360/671], lr: 0.01000	Time 0.842 (0.745)	Data 0.000 (0.061)	Loss 0.6906 (0.7083)	Prec@1 50.000 (52.043)	Prec@5 0.000 (0.000)
Epoch: [2][380/671], lr: 0.01000	Time 0.614 (0.740)	Data 0.001 (0.057)	Loss 0.8818 (0.7089)	Prec@1 25.000 (51.772)	Prec@5 0.000 (0.000)
Epoch: [2][400/671], lr: 0.01000	Time 0.596 (0.734)	Data 0.000 (0.055)	Loss 0.6920 (0.7084)	Prec@1 62.500 (51.714)	Prec@5 0.000 (0.000)
Epoch: [2][420/671], lr: 0.01000	Time 0.593 (0.731)	Data 0.000 (0.052)	Loss 0.7580 (0.7075)	Prec@1 50.000 (51.663)	Prec@5 0.000 (0.000)
Epoch: [2][440/671], lr: 0.01000	Time 0.594 (0.726)	Data 0.000 (0.050)	Loss 0.7227 (0.7074)	Prec@1 50.000 (51.871)	Prec@5 0.000 (0.000)
Epoch: [2][460/671], lr: 0.01000	Time 0.598 (0.724)	Data 0.000 (0.048)	Loss 0.7593 (0.7076)	Prec@1 25.000 (51.600)	Prec@5 0.000 (0.000)
Epoch: [2][480/671], lr: 0.01000	Time 0.732 (0.721)	Data 0.000 (0.046)	Loss 0.7707 (0.7077)	Prec@1 50.000 (51.585)	Prec@5 0.000 (0.000)
Epoch: [2][500/671], lr: 0.01000	Time 0.644 (0.718)	Data 0.000 (0.044)	Loss 1.4431 (0.7100)	Prec@1 12.500 (51.622)	Prec@5 0.000 (0.000)
Epoch: [2][520/671], lr: 0.01000	Time 0.896 (0.716)	Data 0.000 (0.042)	Loss 0.6944 (0.7112)	Prec@1 37.500 (51.560)	Prec@5 0.000 (0.000)
Epoch: [2][540/671], lr: 0.01000	Time 0.597 (0.713)	Data 0.000 (0.041)	Loss 0.6502 (0.7103)	Prec@1 62.500 (51.617)	Prec@5 0.000 (0.000)
Epoch: [2][560/671], lr: 0.01000	Time 0.603 (0.711)	Data 0.000 (0.039)	Loss 0.7236 (0.7093)	Prec@1 50.000 (51.716)	Prec@5 0.000 (0.000)
Epoch: [2][580/671], lr: 0.01000	Time 0.594 (0.709)	Data 0.000 (0.038)	Loss 0.7494 (0.7081)	Prec@1 50.000 (52.044)	Prec@5 0.000 (0.000)
Epoch: [2][600/671], lr: 0.01000	Time 0.594 (0.707)	Data 0.000 (0.037)	Loss 0.6215 (0.7078)	Prec@1 75.000 (52.371)	Prec@5 0.000 (0.000)
Epoch: [2][620/671], lr: 0.01000	Time 0.655 (0.704)	Data 0.000 (0.035)	Loss 0.6831 (0.7077)	Prec@1 62.500 (52.536)	Prec@5 0.000 (0.000)
Epoch: [2][640/671], lr: 0.01000	Time 0.747 (0.703)	Data 0.000 (0.034)	Loss 0.6379 (0.7069)	Prec@1 37.500 (52.613)	Prec@5 0.000 (0.000)
Epoch: [2][660/671], lr: 0.01000	Time 0.596 (0.701)	Data 0.000 (0.033)	Loss 0.6854 (0.7073)	Prec@1 62.500 (52.742)	Prec@5 0.000 (0.000)
Test: [0/196]	Time 12.758 (12.758)	Loss 0.2903 (0.2903)	Prec@1 100.000 (100.000)	Prec@5 0.000 (0.000)
Test: [20/196]	Time 0.213 (1.155)	Loss 0.2900 (0.2909)	Prec@1 100.000 (100.000)	Prec@5 0.000 (0.000)
Test: [40/196]	Time 0.144 (0.829)	Loss 1.3856 (0.4814)	Prec@1 0.000 (82.622)	Prec@5 0.000 (0.000)
Test: [60/196]	Time 0.146 (0.756)	Loss 1.4031 (0.7811)	Prec@1 0.000 (55.533)	Prec@5 0.000 (0.000)
Test: [80/196]	Time 7.078 (0.750)	Loss 0.2879 (0.7555)	Prec@1 100.000 (58.025)	Prec@5 0.000 (0.000)
Test: [100/196]	Time 0.186 (0.708)	Loss 0.2955 (0.6648)	Prec@1 100.000 (66.337)	Prec@5 0.000 (0.000)
Test: [120/196]	Time 0.158 (0.687)	Loss 0.2876 (0.6046)	Prec@1 100.000 (71.901)	Prec@5 0.000 (0.000)
Test: [140/196]	Time 0.163 (0.654)	Loss 1.3434 (0.6085)	Prec@1 0.000 (71.277)	Prec@5 0.000 (0.000)
Test: [160/196]	Time 7.342 (0.681)	Loss 1.3749 (0.7007)	Prec@1 0.000 (62.422)	Prec@5 0.000 (0.000)
Test: [180/196]	Time 0.144 (0.662)	Loss 1.3151 (0.7710)	Prec@1 0.000 (55.525)	Prec@5 0.000 (0.000)

Participant : c0000, # of Pred : 12
Class : 1, Pred_0 : 00, Pred_1 : 12

Participant : c0002, # of Pred : 12
Class : 0, Pred_0 : 00, Pred_1 : 12

Participant : c0007, # of Pred : 08
Class : 1, Pred_0 : 00, Pred_1 : 08

Participant : c0011, # of Pred : 16
Class : 1, Pred_0 : 00, Pred_1 : 16

Participant : c0033, # of Pred : 12
Class : 0, Pred_0 : 00, Pred_1 : 12

Participant : c0056, # of Pred : 05
Class : 0, Pred_0 : 00, Pred_1 : 05

Participant : c0057, # of Pred : 05
Class : 0, Pred_0 : 00, Pred_1 : 05

Testing Results: Prec@1 51.308 Prec@5 0.000 Loss 0.81474
Best Prec@1: 56.605

Epoch: [3][0/671], lr: 0.01000	Time 16.605 (16.605)	Data 15.966 (15.966)	Loss 0.6627 (0.6627)	Prec@1 62.500 (62.500)	Prec@5 0.000 (0.000)
Epoch: [3][20/671], lr: 0.01000	Time 0.603 (1.401)	Data 0.000 (0.761)	Loss 0.6935 (0.7222)	Prec@1 62.500 (56.548)	Prec@5 0.000 (0.000)
Epoch: [3][40/671], lr: 0.01000	Time 0.807 (1.047)	Data 0.000 (0.390)	Loss 0.6544 (0.7045)	Prec@1 50.000 (55.488)	Prec@5 0.000 (0.000)
Epoch: [3][60/671], lr: 0.01000	Time 0.878 (0.925)	Data 0.000 (0.262)	Loss 0.7389 (0.7065)	Prec@1 37.500 (54.713)	Prec@5 0.000 (0.000)
Epoch: [3][80/671], lr: 0.01000	Time 0.598 (0.865)	Data 0.000 (0.198)	Loss 0.6131 (0.7069)	Prec@1 62.500 (52.469)	Prec@5 0.000 (0.000)
Epoch: [3][100/671], lr: 0.01000	Time 0.586 (0.827)	Data 0.000 (0.159)	Loss 0.6762 (0.7070)	Prec@1 50.000 (52.351)	Prec@5 0.000 (0.000)
Epoch: [3][120/671], lr: 0.01000	Time 0.645 (0.802)	Data 0.000 (0.132)	Loss 0.7107 (0.7028)	Prec@1 37.500 (53.202)	Prec@5 0.000 (0.000)
Epoch: [3][140/671], lr: 0.01000	Time 0.671 (0.778)	Data 0.000 (0.114)	Loss 0.6728 (0.6993)	Prec@1 50.000 (53.989)	Prec@5 0.000 (0.000)
Epoch: [3][160/671], lr: 0.01000	Time 0.600 (0.761)	Data 0.000 (0.100)	Loss 0.7748 (0.7003)	Prec@1 37.500 (53.804)	Prec@5 0.000 (0.000)
Epoch: [3][180/671], lr: 0.01000	Time 0.592 (0.749)	Data 0.000 (0.089)	Loss 0.7119 (0.6967)	Prec@1 62.500 (54.972)	Prec@5 0.000 (0.000)
Epoch: [3][200/671], lr: 0.01000	Time 1.176 (0.746)	Data 0.000 (0.080)	Loss 0.8142 (0.6988)	Prec@1 25.000 (54.478)	Prec@5 0.000 (0.000)
Epoch: [3][220/671], lr: 0.01000	Time 1.187 (0.784)	Data 0.000 (0.073)	Loss 0.6915 (0.6975)	Prec@1 50.000 (54.638)	Prec@5 0.000 (0.000)
Epoch: [3][240/671], lr: 0.01000	Time 1.195 (0.816)	Data 0.001 (0.067)	Loss 0.6652 (0.6944)	Prec@1 62.500 (54.876)	Prec@5 0.000 (0.000)
Epoch: [3][260/671], lr: 0.01000	Time 1.184 (0.842)	Data 0.001 (0.062)	Loss 0.7888 (0.6953)	Prec@1 37.500 (54.789)	Prec@5 0.000 (0.000)
Epoch: [3][280/671], lr: 0.01000	Time 1.196 (0.865)	Data 0.000 (0.057)	Loss 0.7871 (0.6968)	Prec@1 25.000 (54.448)	Prec@5 0.000 (0.000)
Epoch: [3][300/671], lr: 0.01000	Time 1.160 (0.861)	Data 0.000 (0.053)	Loss 0.6691 (0.6954)	Prec@1 62.500 (54.983)	Prec@5 0.000 (0.000)
Epoch: [3][320/671], lr: 0.01000	Time 1.190 (0.880)	Data 0.000 (0.050)	Loss 0.5773 (0.6936)	Prec@1 75.000 (55.257)	Prec@5 0.000 (0.000)
Epoch: [3][340/671], lr: 0.01000	Time 1.198 (0.897)	Data 0.000 (0.047)	Loss 0.9178 (0.6934)	Prec@1 37.500 (55.425)	Prec@5 0.000 (0.000)
Epoch: [3][360/671], lr: 0.01000	Time 1.233 (0.913)	Data 0.000 (0.045)	Loss 0.6231 (0.6941)	Prec@1 62.500 (55.436)	Prec@5 0.000 (0.000)
Epoch: [3][380/671], lr: 0.01000	Time 0.708 (0.926)	Data 0.000 (0.042)	Loss 0.6996 (0.6939)	Prec@1 62.500 (55.545)	Prec@5 0.000 (0.000)
Epoch: [3][400/671], lr: 0.01000	Time 1.145 (0.919)	Data 0.000 (0.040)	Loss 0.6632 (0.6952)	Prec@1 62.500 (55.455)	Prec@5 0.000 (0.000)
Epoch: [3][420/671], lr: 0.01000	Time 1.125 (0.931)	Data 0.000 (0.038)	Loss 0.5983 (0.6944)	Prec@1 75.000 (55.730)	Prec@5 0.000 (0.000)
Epoch: [3][440/671], lr: 0.01000	Time 1.196 (0.942)	Data 0.000 (0.036)	Loss 0.6935 (0.6954)	Prec@1 37.500 (55.357)	Prec@5 0.000 (0.000)
Epoch: [3][460/671], lr: 0.01000	Time 1.194 (0.953)	Data 0.000 (0.035)	Loss 0.7184 (0.6956)	Prec@1 50.000 (55.559)	Prec@5 0.000 (0.000)
Epoch: [3][480/671], lr: 0.01000	Time 0.582 (0.959)	Data 0.000 (0.033)	Loss 0.7719 (0.6956)	Prec@1 37.500 (55.717)	Prec@5 0.000 (0.000)
Epoch: [3][500/671], lr: 0.01000	Time 1.198 (0.954)	Data 0.000 (0.032)	Loss 0.6099 (0.6960)	Prec@1 87.500 (55.689)	Prec@5 0.000 (0.000)
Epoch: [3][520/671], lr: 0.01000	Time 1.167 (0.962)	Data 0.000 (0.031)	Loss 0.7321 (0.6955)	Prec@1 62.500 (55.662)	Prec@5 0.000 (0.000)
Epoch: [3][540/671], lr: 0.01000	Time 1.146 (0.969)	Data 0.000 (0.030)	Loss 0.6060 (0.6952)	Prec@1 87.500 (55.684)	Prec@5 0.000 (0.000)
Epoch: [3][560/671], lr: 0.01000	Time 1.141 (0.976)	Data 0.000 (0.029)	Loss 0.7531 (0.6955)	Prec@1 37.500 (55.682)	Prec@5 0.000 (0.000)
Epoch: [3][580/671], lr: 0.01000	Time 0.581 (0.980)	Data 0.000 (0.028)	Loss 0.5631 (0.6941)	Prec@1 62.500 (55.744)	Prec@5 0.000 (0.000)
Epoch: [3][600/671], lr: 0.01000	Time 1.170 (0.977)	Data 0.000 (0.027)	Loss 0.5872 (0.6945)	Prec@1 87.500 (55.678)	Prec@5 0.000 (0.000)
Epoch: [3][620/671], lr: 0.01000	Time 1.222 (0.984)	Data 0.000 (0.026)	Loss 0.8683 (0.6952)	Prec@1 37.500 (55.556)	Prec@5 0.000 (0.000)
Epoch: [3][640/671], lr: 0.01000	Time 1.148 (0.990)	Data 0.000 (0.025)	Loss 0.5828 (0.6952)	Prec@1 87.500 (55.499)	Prec@5 0.000 (0.000)
Epoch: [3][660/671], lr: 0.01000	Time 1.195 (0.996)	Data 0.000 (0.024)	Loss 0.6557 (0.6959)	Prec@1 62.500 (55.257)	Prec@5 0.000 (0.000)
Test: [0/196]	Time 12.054 (12.054)	Loss 0.4782 (0.4782)	Prec@1 100.000 (100.000)	Prec@5 0.000 (0.000)
Test: [20/196]	Time 0.180 (1.182)	Loss 0.4776 (0.4781)	Prec@1 100.000 (100.000)	Prec@5 0.000 (0.000)
Test: [40/196]	Time 0.148 (0.879)	Loss 0.9672 (0.5629)	Prec@1 0.000 (82.622)	Prec@5 0.000 (0.000)
Test: [60/196]	Time 0.145 (0.732)	Loss 0.9656 (0.6951)	Prec@1 0.000 (55.533)	Prec@5 0.000 (0.000)
Test: [80/196]	Time 5.369 (0.729)	Loss 0.4781 (0.6829)	Prec@1 100.000 (58.025)	Prec@5 0.000 (0.000)
Test: [100/196]	Time 0.138 (0.696)	Loss 0.4786 (0.6424)	Prec@1 100.000 (66.337)	Prec@5 0.000 (0.000)
Test: [120/196]	Time 0.146 (0.666)	Loss 0.4781 (0.6154)	Prec@1 100.000 (71.901)	Prec@5 0.000 (0.000)
Test: [140/196]	Time 0.143 (0.646)	Loss 0.9681 (0.6185)	Prec@1 0.000 (71.277)	Prec@5 0.000 (0.000)
Test: [160/196]	Time 3.997 (0.654)	Loss 0.9660 (0.6618)	Prec@1 0.000 (62.422)	Prec@5 0.000 (0.000)
Test: [180/196]	Time 0.157 (0.657)	Loss 0.9671 (0.6955)	Prec@1 0.000 (55.525)	Prec@5 0.000 (0.000)

Participant : c0000, # of Pred : 12
Class : 1, Pred_0 : 00, Pred_1 : 12

Participant : c0002, # of Pred : 12
Class : 0, Pred_0 : 00, Pred_1 : 12

Participant : c0007, # of Pred : 08
Class : 1, Pred_0 : 00, Pred_1 : 08

Participant : c0011, # of Pred : 16
Class : 1, Pred_0 : 00, Pred_1 : 16

Participant : c0033, # of Pred : 12
Class : 0, Pred_0 : 00, Pred_1 : 12

Participant : c0056, # of Pred : 05
Class : 0, Pred_0 : 00, Pred_1 : 05

Participant : c0057, # of Pred : 05
Class : 0, Pred_0 : 00, Pred_1 : 05

Testing Results: Prec@1 51.308 Prec@5 0.000 Loss 0.71611
Best Prec@1: 56.605

Epoch: [4][0/671], lr: 0.01000	Time 13.975 (13.975)	Data 13.324 (13.324)	Loss 0.6438 (0.6438)	Prec@1 87.500 (87.500)	Prec@5 0.000 (0.000)
Epoch: [4][20/671], lr: 0.01000	Time 0.592 (1.278)	Data 0.000 (0.677)	Loss 0.7161 (0.6856)	Prec@1 50.000 (57.143)	Prec@5 0.000 (0.000)
Epoch: [4][40/671], lr: 0.01000	Time 0.592 (0.953)	Data 0.000 (0.347)	Loss 0.6722 (0.6894)	Prec@1 50.000 (55.183)	Prec@5 0.000 (0.000)
Epoch: [4][60/671], lr: 0.01000	Time 0.609 (0.850)	Data 0.000 (0.233)	Loss 0.5939 (0.6806)	Prec@1 50.000 (57.582)	Prec@5 0.000 (0.000)
Epoch: [4][80/671], lr: 0.01000	Time 0.649 (0.792)	Data 0.000 (0.176)	Loss 0.7213 (0.6894)	Prec@1 50.000 (56.173)	Prec@5 0.000 (0.000)
Epoch: [4][100/671], lr: 0.01000	Time 0.593 (0.759)	Data 0.000 (0.146)	Loss 0.5839 (0.6902)	Prec@1 62.500 (54.827)	Prec@5 0.000 (0.000)
Epoch: [4][120/671], lr: 0.01000	Time 0.594 (0.735)	Data 0.000 (0.123)	Loss 0.5695 (0.6882)	Prec@1 87.500 (55.062)	Prec@5 0.000 (0.000)
Epoch: [4][140/671], lr: 0.01000	Time 0.589 (0.725)	Data 0.000 (0.110)	Loss 0.8347 (0.6849)	Prec@1 25.000 (55.408)	Prec@5 0.000 (0.000)
Epoch: [4][160/671], lr: 0.01000	Time 0.965 (0.720)	Data 0.001 (0.096)	Loss 0.7416 (0.6934)	Prec@1 37.500 (54.193)	Prec@5 0.000 (0.000)
Epoch: [4][180/671], lr: 0.01000	Time 0.601 (0.713)	Data 0.000 (0.086)	Loss 0.7223 (0.6970)	Prec@1 50.000 (53.798)	Prec@5 0.000 (0.000)
Epoch: [4][200/671], lr: 0.01000	Time 0.611 (0.707)	Data 0.000 (0.077)	Loss 0.9858 (0.6964)	Prec@1 37.500 (54.478)	Prec@5 0.000 (0.000)
Epoch: [4][220/671], lr: 0.01000	Time 0.594 (0.701)	Data 0.000 (0.070)	Loss 0.7787 (0.6998)	Prec@1 37.500 (53.959)	Prec@5 0.000 (0.000)
Epoch: [4][240/671], lr: 0.01000	Time 0.645 (0.693)	Data 0.000 (0.064)	Loss 0.8316 (0.6989)	Prec@1 25.000 (54.149)	Prec@5 0.000 (0.000)
Epoch: [4][260/671], lr: 0.01000	Time 0.594 (0.687)	Data 0.000 (0.059)	Loss 0.6288 (0.6981)	Prec@1 50.000 (54.646)	Prec@5 0.000 (0.000)
Epoch: [4][280/671], lr: 0.01000	Time 0.598 (0.682)	Data 0.000 (0.055)	Loss 0.6810 (0.6973)	Prec@1 62.500 (54.849)	Prec@5 0.000 (0.000)
Epoch: [4][300/671], lr: 0.01000	Time 0.650 (0.678)	Data 0.000 (0.052)	Loss 0.6023 (0.6961)	Prec@1 75.000 (54.734)	Prec@5 0.000 (0.000)
Epoch: [4][320/671], lr: 0.01000	Time 0.594 (0.673)	Data 0.000 (0.048)	Loss 0.6027 (0.6960)	Prec@1 75.000 (54.907)	Prec@5 0.000 (0.000)
Epoch: [4][340/671], lr: 0.01000	Time 0.595 (0.669)	Data 0.000 (0.046)	Loss 0.6936 (0.6975)	Prec@1 50.000 (54.619)	Prec@5 0.000 (0.000)
Epoch: [4][360/671], lr: 0.01000	Time 0.599 (0.667)	Data 0.000 (0.043)	Loss 0.7059 (0.7011)	Prec@1 50.000 (54.294)	Prec@5 0.000 (0.000)
Epoch: [4][380/671], lr: 0.01000	Time 0.595 (0.665)	Data 0.001 (0.041)	Loss 0.5979 (0.7013)	Prec@1 75.000 (54.298)	Prec@5 0.000 (0.000)
Epoch: [4][400/671], lr: 0.01000	Time 0.594 (0.662)	Data 0.000 (0.039)	Loss 0.6518 (0.7002)	Prec@1 75.000 (54.520)	Prec@5 0.000 (0.000)
Epoch: [4][420/671], lr: 0.01000	Time 0.672 (0.663)	Data 0.000 (0.039)	Loss 0.6591 (0.6998)	Prec@1 62.500 (54.691)	Prec@5 0.000 (0.000)
Epoch: [4][440/671], lr: 0.01000	Time 0.641 (0.662)	Data 0.000 (0.037)	Loss 0.7084 (0.6983)	Prec@1 62.500 (55.045)	Prec@5 0.000 (0.000)
Epoch: [4][460/671], lr: 0.01000	Time 0.798 (0.662)	Data 0.000 (0.036)	Loss 0.8286 (0.6984)	Prec@1 50.000 (54.989)	Prec@5 0.000 (0.000)
Epoch: [4][480/671], lr: 0.01000	Time 0.687 (0.661)	Data 0.000 (0.034)	Loss 0.6113 (0.6992)	Prec@1 75.000 (55.042)	Prec@5 0.000 (0.000)
Epoch: [4][500/671], lr: 0.01000	Time 0.762 (0.660)	Data 0.000 (0.033)	Loss 0.7045 (0.6991)	Prec@1 50.000 (55.040)	Prec@5 0.000 (0.000)
Epoch: [4][520/671], lr: 0.01000	Time 0.625 (0.659)	Data 0.000 (0.032)	Loss 0.7431 (0.6971)	Prec@1 62.500 (55.494)	Prec@5 0.000 (0.000)
Epoch: [4][540/671], lr: 0.01000	Time 0.591 (0.658)	Data 0.000 (0.030)	Loss 0.8205 (0.6964)	Prec@1 37.500 (55.545)	Prec@5 0.000 (0.000)
Epoch: [4][560/671], lr: 0.01000	Time 0.594 (0.658)	Data 0.000 (0.029)	Loss 0.7234 (0.6968)	Prec@1 62.500 (55.459)	Prec@5 0.000 (0.000)
Epoch: [4][580/671], lr: 0.01000	Time 0.642 (0.657)	Data 0.000 (0.028)	Loss 0.8276 (0.6966)	Prec@1 37.500 (55.615)	Prec@5 0.000 (0.000)
Epoch: [4][600/671], lr: 0.01000	Time 0.594 (0.657)	Data 0.000 (0.027)	Loss 0.8798 (0.6968)	Prec@1 12.500 (55.678)	Prec@5 0.000 (0.000)
Epoch: [4][620/671], lr: 0.01000	Time 0.691 (0.656)	Data 0.000 (0.027)	Loss 0.8142 (0.6964)	Prec@1 37.500 (55.676)	Prec@5 0.000 (0.000)
Epoch: [4][640/671], lr: 0.01000	Time 0.604 (0.656)	Data 0.000 (0.026)	Loss 0.7411 (0.6959)	Prec@1 50.000 (55.772)	Prec@5 0.000 (0.000)
Epoch: [4][660/671], lr: 0.01000	Time 0.805 (0.655)	Data 0.000 (0.025)	Loss 0.6880 (0.6947)	Prec@1 50.000 (56.051)	Prec@5 0.000 (0.000)
Test: [0/196]	Time 12.184 (12.184)	Loss 9.6531 (9.6531)	Prec@1 0.000 (0.000)	Prec@5 0.000 (0.000)
Test: [20/196]	Time 0.149 (1.165)	Loss 0.6446 (6.8786)	Prec@1 75.000 (4.762)	Prec@5 0.000 (0.000)
Test: [40/196]	Time 0.166 (0.855)	Loss 0.1354 (3.7484)	Prec@1 100.000 (39.024)	Prec@5 0.000 (0.000)
Test: [60/196]	Time 0.149 (0.754)	Loss 0.3106 (2.5813)	Prec@1 100.000 (59.016)	Prec@5 0.000 (0.000)
Test: [80/196]	Time 5.082 (0.726)	Loss 1.4393 (2.5572)	Prec@1 0.000 (52.932)	Prec@5 0.000 (0.000)
Test: [100/196]	Time 0.171 (0.711)	Loss 5.4492 (2.9770)	Prec@1 0.000 (42.450)	Prec@5 0.000 (0.000)
Test: [120/196]	Time 0.151 (0.673)	Loss 3.7313 (3.3165)	Prec@1 0.000 (35.434)	Prec@5 0.000 (0.000)
Test: [140/196]	Time 0.146 (0.660)	Loss 0.3050 (3.1487)	Prec@1 100.000 (35.018)	Prec@5 0.000 (0.000)
Test: [160/196]	Time 4.926 (0.666)	Loss 0.2293 (2.7919)	Prec@1 100.000 (43.012)	Prec@5 0.000 (0.000)
Test: [180/196]	Time 0.142 (0.658)	Loss 0.2420 (2.5073)	Prec@1 100.000 (49.309)	Prec@5 0.000 (0.000)

Participant : c0000, # of Pred : 12
Class : 1, Pred_0 : 09, Pred_1 : 03

Participant : c0002, # of Pred : 12
Class : 0, Pred_0 : 12, Pred_1 : 00

Participant : c0007, # of Pred : 08
Class : 1, Pred_0 : 08, Pred_1 : 00

Participant : c0011, # of Pred : 16
Class : 1, Pred_0 : 16, Pred_1 : 00

Participant : c0033, # of Pred : 12
Class : 0, Pred_0 : 12, Pred_1 : 00

Participant : c0056, # of Pred : 05
Class : 0, Pred_0 : 05, Pred_1 : 00

Participant : c0057, # of Pred : 05
Class : 0, Pred_0 : 05, Pred_1 : 00

Testing Results: Prec@1 53.159 Prec@5 0.000 Loss 2.32396
Best Prec@1: 56.605

Epoch: [5][0/671], lr: 0.01000	Time 13.092 (13.092)	Data 12.480 (12.480)	Loss 0.6875 (0.6875)	Prec@1 62.500 (62.500)	Prec@5 0.000 (0.000)
Epoch: [5][20/671], lr: 0.01000	Time 0.591 (1.243)	Data 0.000 (0.633)	Loss 0.7426 (0.6491)	Prec@1 62.500 (64.286)	Prec@5 0.000 (0.000)
Epoch: [5][40/671], lr: 0.01000	Time 0.636 (0.949)	Data 0.001 (0.338)	Loss 0.5596 (0.6588)	Prec@1 62.500 (60.976)	Prec@5 0.000 (0.000)
Epoch: [5][60/671], lr: 0.01000	Time 0.777 (0.868)	Data 0.000 (0.245)	Loss 0.8181 (0.6697)	Prec@1 50.000 (60.246)	Prec@5 0.000 (0.000)
Epoch: [5][80/671], lr: 0.01000	Time 0.592 (0.809)	Data 0.000 (0.185)	Loss 0.7609 (0.6738)	Prec@1 50.000 (60.340)	Prec@5 0.000 (0.000)
Epoch: [5][100/671], lr: 0.01000	Time 0.590 (0.771)	Data 0.000 (0.148)	Loss 0.6374 (0.6759)	Prec@1 62.500 (60.149)	Prec@5 0.000 (0.000)
Epoch: [5][120/671], lr: 0.01000	Time 0.592 (0.746)	Data 0.000 (0.127)	Loss 0.8499 (0.6661)	Prec@1 50.000 (61.570)	Prec@5 0.000 (0.000)
Epoch: [5][140/671], lr: 0.01000	Time 0.637 (0.728)	Data 0.000 (0.109)	Loss 0.7796 (0.6709)	Prec@1 50.000 (60.816)	Prec@5 0.000 (0.000)
Epoch: [5][160/671], lr: 0.01000	Time 0.845 (0.719)	Data 0.248 (0.101)	Loss 0.8685 (0.6799)	Prec@1 50.000 (59.472)	Prec@5 0.000 (0.000)
Epoch: [5][180/671], lr: 0.01000	Time 0.604 (0.710)	Data 0.000 (0.090)	Loss 0.7024 (0.6872)	Prec@1 37.500 (57.942)	Prec@5 0.000 (0.000)
Epoch: [5][200/671], lr: 0.01000	Time 0.597 (0.702)	Data 0.001 (0.081)	Loss 0.6397 (0.6867)	Prec@1 62.500 (58.085)	Prec@5 0.000 (0.000)
Epoch: [5][220/671], lr: 0.01000	Time 0.687 (0.694)	Data 0.000 (0.074)	Loss 0.7028 (0.6870)	Prec@1 37.500 (57.862)	Prec@5 0.000 (0.000)
Epoch: [5][240/671], lr: 0.01000	Time 0.657 (0.687)	Data 0.000 (0.068)	Loss 0.7893 (0.6868)	Prec@1 37.500 (57.573)	Prec@5 0.000 (0.000)
Epoch: [5][260/671], lr: 0.01000	Time 0.654 (0.682)	Data 0.000 (0.064)	Loss 0.8128 (0.6871)	Prec@1 37.500 (57.423)	Prec@5 0.000 (0.000)
Epoch: [5][280/671], lr: 0.01000	Time 0.810 (0.681)	Data 0.000 (0.061)	Loss 0.6725 (0.6880)	Prec@1 50.000 (57.028)	Prec@5 0.000 (0.000)
Epoch: [5][300/671], lr: 0.01000	Time 0.595 (0.679)	Data 0.000 (0.057)	Loss 0.8577 (0.6899)	Prec@1 50.000 (56.935)	Prec@5 0.000 (0.000)
Epoch: [5][320/671], lr: 0.01000	Time 0.595 (0.675)	Data 0.000 (0.054)	Loss 0.6933 (0.6903)	Prec@1 50.000 (56.542)	Prec@5 0.000 (0.000)
Epoch: [5][340/671], lr: 0.01000	Time 0.595 (0.675)	Data 0.000 (0.053)	Loss 0.7404 (0.6890)	Prec@1 37.500 (56.891)	Prec@5 0.000 (0.000)
Epoch: [5][360/671], lr: 0.01000	Time 0.593 (0.672)	Data 0.000 (0.051)	Loss 0.5637 (0.6870)	Prec@1 62.500 (57.375)	Prec@5 0.000 (0.000)
Epoch: [5][380/671], lr: 0.01000	Time 0.602 (0.668)	Data 0.000 (0.048)	Loss 0.5571 (0.6877)	Prec@1 87.500 (57.185)	Prec@5 0.000 (0.000)
Epoch: [5][400/671], lr: 0.01000	Time 0.645 (0.667)	Data 0.000 (0.046)	Loss 0.7105 (0.6871)	Prec@1 50.000 (57.201)	Prec@5 0.000 (0.000)
Epoch: [5][420/671], lr: 0.01000	Time 0.614 (0.668)	Data 0.000 (0.043)	Loss 0.6864 (0.6886)	Prec@1 62.500 (57.067)	Prec@5 0.000 (0.000)
Epoch: [5][440/671], lr: 0.01000	Time 0.595 (0.666)	Data 0.000 (0.041)	Loss 0.7168 (0.6882)	Prec@1 50.000 (56.973)	Prec@5 0.000 (0.000)
Epoch: [5][460/671], lr: 0.01000	Time 0.643 (0.664)	Data 0.000 (0.040)	Loss 0.6421 (0.6881)	Prec@1 75.000 (56.969)	Prec@5 0.000 (0.000)
Epoch: [5][480/671], lr: 0.01000	Time 0.595 (0.663)	Data 0.000 (0.039)	Loss 0.5726 (0.6865)	Prec@1 75.000 (57.173)	Prec@5 0.000 (0.000)
Epoch: [5][500/671], lr: 0.01000	Time 0.781 (0.664)	Data 0.000 (0.040)	Loss 0.7316 (0.6884)	Prec@1 50.000 (56.836)	Prec@5 0.000 (0.000)
Epoch: [5][520/671], lr: 0.01000	Time 0.627 (0.663)	Data 0.000 (0.040)	Loss 0.5366 (0.6889)	Prec@1 87.500 (56.742)	Prec@5 0.000 (0.000)
Epoch: [5][540/671], lr: 0.01000	Time 0.595 (0.661)	Data 0.000 (0.038)	Loss 0.6627 (0.6885)	Prec@1 62.500 (56.909)	Prec@5 0.000 (0.000)
Epoch: [5][560/671], lr: 0.01000	Time 0.613 (0.661)	Data 0.000 (0.037)	Loss 0.7411 (0.6877)	Prec@1 62.500 (57.063)	Prec@5 0.000 (0.000)
Epoch: [5][580/671], lr: 0.01000	Time 0.647 (0.669)	Data 0.000 (0.038)	Loss 0.6340 (0.6862)	Prec@1 75.000 (57.358)	Prec@5 0.000 (0.000)
Epoch: [5][600/671], lr: 0.01000	Time 0.714 (0.667)	Data 0.000 (0.037)	Loss 0.7361 (0.6865)	Prec@1 62.500 (57.259)	Prec@5 0.000 (0.000)
Epoch: [5][620/671], lr: 0.01000	Time 0.598 (0.666)	Data 0.001 (0.035)	Loss 0.8689 (0.6863)	Prec@1 37.500 (57.287)	Prec@5 0.000 (0.000)
Epoch: [5][640/671], lr: 0.01000	Time 0.595 (0.664)	Data 0.000 (0.034)	Loss 0.7635 (0.6875)	Prec@1 37.500 (56.981)	Prec@5 0.000 (0.000)
Epoch: [5][660/671], lr: 0.01000	Time 0.593 (0.662)	Data 0.000 (0.033)	Loss 0.6109 (0.6871)	Prec@1 75.000 (57.073)	Prec@5 0.000 (0.000)
Test: [0/196]	Time 13.065 (13.065)	Loss 1.5504 (1.5504)	Prec@1 0.000 (0.000)	Prec@5 0.000 (0.000)
Test: [20/196]	Time 0.145 (1.171)	Loss 1.5214 (1.5645)	Prec@1 0.000 (0.000)	Prec@5 0.000 (0.000)
Test: [40/196]	Time 0.143 (0.852)	Loss 0.2192 (1.3287)	Prec@1 100.000 (17.378)	Prec@5 0.000 (0.000)
Test: [60/196]	Time 0.143 (0.731)	Loss 1.0773 (1.1092)	Prec@1 0.000 (27.664)	Prec@5 0.000 (0.000)
Test: [80/196]	Time 4.602 (0.729)	Loss 1.7341 (1.1932)	Prec@1 0.000 (20.833)	Prec@5 0.000 (0.000)
Test: [100/196]	Time 0.146 (0.711)	Loss 1.6484 (1.2946)	Prec@1 0.000 (16.708)	Prec@5 0.000 (0.000)
Test: [120/196]	Time 0.145 (0.677)	Loss 1.5132 (1.3605)	Prec@1 0.000 (13.946)	Prec@5 0.000 (0.000)
Test: [140/196]	Time 0.146 (0.652)	Loss 0.2295 (1.3268)	Prec@1 100.000 (16.578)	Prec@5 0.000 (0.000)
Test: [160/196]	Time 3.600 (0.656)	Loss 1.0419 (1.2378)	Prec@1 0.000 (21.118)	Prec@5 0.000 (0.000)
Test: [180/196]	Time 0.181 (0.695)	Loss 0.2373 (1.1612)	Prec@1 100.000 (25.622)	Prec@5 0.000 (0.000)

Participant : c0000, # of Pred : 12
Class : 1, Pred_0 : 12, Pred_1 : 00

Participant : c0002, # of Pred : 12
Class : 0, Pred_0 : 06, Pred_1 : 06

Participant : c0007, # of Pred : 08
Class : 1, Pred_0 : 08, Pred_1 : 00

Participant : c0011, # of Pred : 16
Class : 1, Pred_0 : 16, Pred_1 : 00

Participant : c0033, # of Pred : 12
Class : 0, Pred_0 : 06, Pred_1 : 06

Participant : c0056, # of Pred : 05
Class : 0, Pred_0 : 05, Pred_1 : 00

Participant : c0057, # of Pred : 05
Class : 0, Pred_0 : 05, Pred_1 : 00

Testing Results: Prec@1 31.270 Prec@5 0.000 Loss 1.09228
Best Prec@1: 56.605

Epoch: [6][0/671], lr: 0.01000	Time 15.598 (15.598)	Data 14.779 (14.779)	Loss 0.7858 (0.7858)	Prec@1 37.500 (37.500)	Prec@5 0.000 (0.000)
Epoch: [6][20/671], lr: 0.01000	Time 0.596 (1.362)	Data 0.000 (0.732)	Loss 0.6235 (0.6974)	Prec@1 62.500 (51.786)	Prec@5 0.000 (0.000)
Epoch: [6][40/671], lr: 0.01000	Time 0.594 (1.014)	Data 0.000 (0.375)	Loss 0.6663 (0.7013)	Prec@1 62.500 (52.134)	Prec@5 0.000 (0.000)
Epoch: [6][60/671], lr: 0.01000	Time 0.674 (0.891)	Data 0.000 (0.252)	Loss 0.4887 (0.6841)	Prec@1 100.000 (55.738)	Prec@5 0.000 (0.000)
Epoch: [6][80/671], lr: 0.01000	Time 0.687 (0.827)	Data 0.000 (0.190)	Loss 0.7010 (0.6938)	Prec@1 62.500 (56.019)	Prec@5 0.000 (0.000)
Epoch: [6][100/671], lr: 0.01000	Time 0.589 (0.797)	Data 0.000 (0.165)	Loss 0.6822 (0.7003)	Prec@1 50.000 (56.064)	Prec@5 0.000 (0.000)
Epoch: [6][120/671], lr: 0.01000	Time 0.591 (0.770)	Data 0.000 (0.141)	Loss 0.6890 (0.7044)	Prec@1 50.000 (55.372)	Prec@5 0.000 (0.000)
Epoch: [6][140/671], lr: 0.01000	Time 0.769 (0.758)	Data 0.000 (0.129)	Loss 0.7295 (0.7033)	Prec@1 62.500 (55.230)	Prec@5 0.000 (0.000)
Epoch: [6][160/671], lr: 0.01000	Time 0.593 (0.745)	Data 0.000 (0.118)	Loss 0.6495 (0.6971)	Prec@1 50.000 (56.289)	Prec@5 0.000 (0.000)
Epoch: [6][180/671], lr: 0.01000	Time 0.639 (0.738)	Data 0.000 (0.113)	Loss 0.5490 (0.6954)	Prec@1 62.500 (56.630)	Prec@5 0.000 (0.000)
Epoch: [6][200/671], lr: 0.01000	Time 0.592 (0.726)	Data 0.000 (0.102)	Loss 0.7975 (0.6942)	Prec@1 37.500 (56.903)	Prec@5 0.000 (0.000)
Epoch: [6][220/671], lr: 0.01000	Time 0.627 (0.719)	Data 0.000 (0.096)	Loss 0.7965 (0.6924)	Prec@1 37.500 (57.523)	Prec@5 0.000 (0.000)
Epoch: [6][240/671], lr: 0.01000	Time 0.591 (0.710)	Data 0.000 (0.088)	Loss 0.6953 (0.6885)	Prec@1 50.000 (58.143)	Prec@5 0.000 (0.000)
Epoch: [6][260/671], lr: 0.01000	Time 0.595 (0.711)	Data 0.000 (0.090)	Loss 0.3981 (0.6852)	Prec@1 100.000 (58.669)	Prec@5 0.000 (0.000)
Epoch: [6][280/671], lr: 0.01000	Time 0.596 (0.705)	Data 0.000 (0.085)	Loss 0.5881 (0.6839)	Prec@1 50.000 (58.941)	Prec@5 0.000 (0.000)
Epoch: [6][300/671], lr: 0.01000	Time 0.600 (0.698)	Data 0.000 (0.079)	Loss 0.8868 (0.6833)	Prec@1 12.500 (58.555)	Prec@5 0.000 (0.000)
Epoch: [6][320/671], lr: 0.01000	Time 1.308 (0.698)	Data 0.717 (0.078)	Loss 0.6089 (0.6825)	Prec@1 75.000 (58.450)	Prec@5 0.000 (0.000)
Epoch: [6][340/671], lr: 0.01000	Time 0.596 (0.692)	Data 0.001 (0.074)	Loss 0.6905 (0.6818)	Prec@1 62.500 (58.541)	Prec@5 0.000 (0.000)
Epoch: [6][360/671], lr: 0.01000	Time 0.597 (0.690)	Data 0.000 (0.072)	Loss 0.7652 (0.6827)	Prec@1 37.500 (58.449)	Prec@5 0.000 (0.000)
Epoch: [6][380/671], lr: 0.01000	Time 0.592 (0.687)	Data 0.000 (0.070)	Loss 0.6766 (0.6829)	Prec@1 50.000 (58.301)	Prec@5 0.000 (0.000)
Epoch: [6][400/671], lr: 0.01000	Time 0.594 (0.685)	Data 0.000 (0.067)	Loss 0.5113 (0.6818)	Prec@1 75.000 (58.292)	Prec@5 0.000 (0.000)
Epoch: [6][420/671], lr: 0.01000	Time 0.633 (0.684)	Data 0.000 (0.067)	Loss 0.6904 (0.6835)	Prec@1 62.500 (58.135)	Prec@5 0.000 (0.000)
Epoch: [6][440/671], lr: 0.01000	Time 0.630 (0.682)	Data 0.000 (0.065)	Loss 0.7172 (0.6830)	Prec@1 50.000 (58.305)	Prec@5 0.000 (0.000)
Epoch: [6][460/671], lr: 0.01000	Time 0.586 (0.681)	Data 0.000 (0.065)	Loss 0.8543 (0.6831)	Prec@1 25.000 (58.216)	Prec@5 0.000 (0.000)
Epoch: [6][480/671], lr: 0.01000	Time 0.593 (0.679)	Data 0.000 (0.063)	Loss 0.5378 (0.6820)	Prec@1 87.500 (58.472)	Prec@5 0.000 (0.000)
Epoch: [6][500/671], lr: 0.01000	Time 0.595 (0.678)	Data 0.001 (0.062)	Loss 0.5933 (0.6792)	Prec@1 75.000 (58.807)	Prec@5 0.000 (0.000)
Epoch: [6][520/671], lr: 0.01000	Time 0.594 (0.676)	Data 0.000 (0.060)	Loss 0.4568 (0.6796)	Prec@1 87.500 (58.925)	Prec@5 0.000 (0.000)
Epoch: [6][540/671], lr: 0.01000	Time 0.594 (0.675)	Data 0.000 (0.059)	Loss 0.3498 (0.6774)	Prec@1 100.000 (59.311)	Prec@5 0.000 (0.000)
Epoch: [6][560/671], lr: 0.01000	Time 0.595 (0.673)	Data 0.000 (0.057)	Loss 0.5086 (0.6784)	Prec@1 62.500 (59.291)	Prec@5 0.000 (0.000)
Epoch: [6][580/671], lr: 0.01000	Time 0.595 (0.673)	Data 0.000 (0.058)	Loss 0.6009 (0.6761)	Prec@1 62.500 (59.423)	Prec@5 0.000 (0.000)
Epoch: [6][600/671], lr: 0.01000	Time 0.593 (0.673)	Data 0.000 (0.058)	Loss 0.7103 (0.6752)	Prec@1 62.500 (59.567)	Prec@5 0.000 (0.000)
Epoch: [6][620/671], lr: 0.01000	Time 0.597 (0.673)	Data 0.000 (0.058)	Loss 0.7896 (0.6753)	Prec@1 50.000 (59.521)	Prec@5 0.000 (0.000)
Epoch: [6][640/671], lr: 0.01000	Time 0.592 (0.672)	Data 0.000 (0.058)	Loss 0.5177 (0.6729)	Prec@1 75.000 (59.731)	Prec@5 0.000 (0.000)
Epoch: [6][660/671], lr: 0.01000	Time 0.610 (0.673)	Data 0.000 (0.059)	Loss 0.6447 (0.6717)	Prec@1 75.000 (59.852)	Prec@5 0.000 (0.000)
Test: [0/196]	Time 14.416 (14.416)	Loss 1.5597 (1.5597)	Prec@1 0.000 (0.000)	Prec@5 0.000 (0.000)
Test: [20/196]	Time 0.151 (1.337)	Loss 1.3849 (1.5645)	Prec@1 0.000 (0.000)	Prec@5 0.000 (0.000)
Test: [40/196]	Time 0.147 (0.913)	Loss 0.2656 (1.2803)	Prec@1 100.000 (17.378)	Prec@5 0.000 (0.000)
Test: [60/196]	Time 0.146 (0.768)	Loss 1.6672 (1.1644)	Prec@1 0.000 (27.664)	Prec@5 0.000 (0.000)
Test: [80/196]	Time 5.766 (0.773)	Loss 1.8210 (1.3066)	Prec@1 0.000 (20.833)	Prec@5 0.000 (0.000)
Test: [100/196]	Time 0.143 (0.732)	Loss 1.7311 (1.3909)	Prec@1 0.000 (16.708)	Prec@5 0.000 (0.000)
Test: [120/196]	Time 0.145 (0.694)	Loss 1.6039 (1.4382)	Prec@1 0.000 (13.946)	Prec@5 0.000 (0.000)
Test: [140/196]	Time 0.145 (0.668)	Loss 0.2978 (1.3902)	Prec@1 100.000 (16.578)	Prec@5 0.000 (0.000)
Test: [160/196]	Time 1.205 (0.740)	Loss 1.4908 (1.3253)	Prec@1 0.000 (21.118)	Prec@5 0.000 (0.000)
Test: [180/196]	Time 0.463 (0.692)	Loss 0.2231 (1.2570)	Prec@1 100.000 (25.622)	Prec@5 0.000 (0.000)

Participant : c0000, # of Pred : 12
Class : 1, Pred_0 : 12, Pred_1 : 00

Participant : c0002, # of Pred : 12
Class : 0, Pred_0 : 06, Pred_1 : 06

Participant : c0007, # of Pred : 08
Class : 1, Pred_0 : 08, Pred_1 : 00

Participant : c0011, # of Pred : 16
Class : 1, Pred_0 : 16, Pred_1 : 00

Participant : c0033, # of Pred : 12
Class : 0, Pred_0 : 06, Pred_1 : 06

Participant : c0056, # of Pred : 05
Class : 0, Pred_0 : 05, Pred_1 : 00

Participant : c0057, # of Pred : 05
Class : 0, Pred_0 : 05, Pred_1 : 00

Testing Results: Prec@1 31.270 Prec@5 0.000 Loss 1.17936
Best Prec@1: 56.605

Epoch: [7][0/671], lr: 0.01000	Time 18.428 (18.428)	Data 17.691 (17.691)	Loss 0.7260 (0.7260)	Prec@1 50.000 (50.000)	Prec@5 0.000 (0.000)
Epoch: [7][20/671], lr: 0.01000	Time 0.596 (1.502)	Data 0.000 (0.843)	Loss 0.5123 (0.6277)	Prec@1 75.000 (64.881)	Prec@5 0.000 (0.000)
Epoch: [7][40/671], lr: 0.01000	Time 0.659 (1.079)	Data 0.000 (0.432)	Loss 0.8514 (0.6391)	Prec@1 37.500 (63.110)	Prec@5 0.000 (0.000)
Epoch: [7][60/671], lr: 0.01000	Time 0.598 (0.930)	Data 0.001 (0.290)	Loss 0.6311 (0.6513)	Prec@1 50.000 (61.270)	Prec@5 0.000 (0.000)
Epoch: [7][80/671], lr: 0.01000	Time 0.660 (0.862)	Data 0.000 (0.219)	Loss 0.7147 (0.6630)	Prec@1 50.000 (60.031)	Prec@5 0.000 (0.000)
Epoch: [7][100/671], lr: 0.01000	Time 0.598 (0.816)	Data 0.000 (0.175)	Loss 0.6874 (0.6614)	Prec@1 50.000 (59.406)	Prec@5 0.000 (0.000)
Epoch: [7][120/671], lr: 0.01000	Time 0.759 (0.786)	Data 0.000 (0.147)	Loss 0.6746 (0.6686)	Prec@1 37.500 (57.748)	Prec@5 0.000 (0.000)
Epoch: [7][140/671], lr: 0.01000	Time 0.595 (0.764)	Data 0.000 (0.126)	Loss 0.7031 (0.6657)	Prec@1 50.000 (58.954)	Prec@5 0.000 (0.000)
Epoch: [7][160/671], lr: 0.01000	Time 0.789 (0.745)	Data 0.000 (0.110)	Loss 0.9307 (0.6574)	Prec@1 50.000 (60.637)	Prec@5 0.000 (0.000)
Epoch: [7][180/671], lr: 0.01000	Time 0.593 (0.731)	Data 0.000 (0.098)	Loss 0.6997 (0.6563)	Prec@1 75.000 (61.050)	Prec@5 0.000 (0.000)
